time,temperature_2m,relative_humidity_2m,wind_speed_10m,wind_direction_10m,surface_pressure,precipitation,cloud_cover,shortwave_radiation,pm2_5,pm10,carbon_monoxide,nitrogen_dioxide,sulphur_dioxide,ozone,us_aqi,european_aqi,aqi_data_available
2026-09-29 00:00:00,25.9,92,15.9,214,1009.5,2.3,66,0.0,28.7,38.2,281.0,12.9,11.2,83.0,102.0,48.0,True
2026-09-29 01:00:00,26.7,89,8.6,271,1009.2,0.3,68,0.0,29.0,38.4,263.0,13.3,12.0,80.0,101.0,48.0,True
2026-09-29 02:00:00,26.7,88,10.4,269,1008.6,0.0,100,0.0,29.6,38.6,250.0,13.5,13.0,79.0,100.0,48.0,True
2026-09-29 03:00:00,26.9,86,8.8,261,1008.4,0.0,93,0.0,31.2,40.0,233.0,13.2,14.3,80.0,99.0,49.0,True
2026-09-29 04:00:00,26.8,83,9.2,273,1008.3,0.0,97,0.0,33.2,41.3,222.0,12.8,15.8,82.0,99.0,50.0,True
2026-09-29 05:00:00,28.1,80,6.0,265,1008.5,0.0,73,0.0,28.5,35.7,242.0,13.1,13.7,76.0,98.0,48.0,True
2026-09-29 06:00:00,27.9,82,7.6,258,1009.1,0.0,70,9.0,29.9,36.2,331.0,14.3,15.2,85.0,98.0,49.0,True
2026-09-29 07:00:00,28.5,83,5.8,265,1009.9,0.0,31,108.0,31.9,36.6,451.0,15.7,17.4,99.0,97.0,50.0,True
2026-09-29 08:00:00,30.8,71,7.3,263,1010.3,0.0,7,376.0,35.4,40.5,512.0,15.8,19.3,117.0,96.0,57.0,True
2026-09-29 09:00:00,32.5,61,9.4,265,1010.4,0.0,7,605.0,37.3,43.1,455.0,13.2,21.2,145.0,96.0,73.0,True
2026-09-29 10:00:00,33.7,53,7.7,279,1010.1,0.0,15,773.0,39.1,46.1,338.0,9.2,23.0,177.0,96.0,97.0,True
2026-09-29 11:00:00,34.7,48,3.3,351,1009.5,0.0,10,873.0,41.2,48.7,250.0,6.0,23.1,202.0,95.0,122.0,True
2026-09-29 12:00:00,34.7,48,2.4,73,1008.5,0.0,52,905.0,43.2,50.1,227.0,4.4,20.2,215.0,95.0,135.0,True
2026-09-29 13:00:00,34.4,49,6.4,135,1007.8,0.1,40,862.0,43.1,49.2,231.0,3.7,15.7,220.0,104.0,140.0,True
2026-09-29 14:00:00,33.3,55,10.6,134,1006.9,0.7,75,716.0,42.4,48.4,241.0,3.7,12.4,219.0,135.0,139.0,True
2026-09-29 15:00:00,32.9,55,10.3,130,1006.8,0.1,95,543.0,42.4,49.2,248.0,4.8,11.8,211.0,160.0,131.0,True
2026-09-29 16:00:00,32.3,57,10.4,146,1006.5,0.0,83,374.0,39.9,46.9,260.0,6.6,12.4,197.0,178.0,117.0,True
2026-09-29 17:00:00,31.3,67,8.9,146,1007.2,0.0,57,157.0,38.4,45.3,276.0,8.0,12.7,182.0,190.0,102.0,True
2026-09-29 18:00:00,30.2,73,7.6,152,1008.2,0.0,54,11.0,37.6,44.7,294.0,8.6,12.2,168.0,196.0,88.0,True
2026-09-29 19:00:00,29.8,75,7.0,159,1009.3,0.0,52,0.0,35.6,43.1,317.0,8.8,11.4,153.0,195.0,77.0,True
2026-09-29 20:00:00,29.5,81,6.5,175,1010.3,0.0,46,0.0,32.4,39.5,351.0,8.9,10.6,139.0,187.0,70.0,True
2026-09-29 21:00:00,29.2,86,5.9,168,1010.9,0.0,55,0.0,29.0,36.0,410.0,8.6,9.6,125.0,175.0,63.0,True
2026-09-29 22:00:00,28.8,89,3.1,225,1010.9,0.0,96,0.0,25.8,32.6,480.0,8.1,8.7,111.0,160.0,51.0,True
2026-09-29 23:00:00,28.4,91,4.8,255,1010.9,0.0,84,0.0,22.9,29.4,532.0,8.3,8.6,99.0,140.0,45.0,True
2026-09-30 00:00:00,28.0,89,5.2,256,1010.4,0.0,90,0.0,21.2,27.3,560.0,9.7,10.1,89.0,116.0,44.0,True
2026-09-30 01:00:00,27.7,85,7.0,238,1009.9,0.0,80,0.0,21.7,27.9,570.0,11.8,12.6,81.0,98.0,44.0,True
2026-09-30 02:00:00,27.2,84,6.8,235,1009.4,0.0,45,0.0,22.7,28.4,549.0,13.3,14.5,76.0,97.0,44.0,True
2026-09-30 03:00:00,26.8,84,7.7,237,1009.0,0.0,46,0.0,23.8,28.9,461.0,13.8,15.4,73.0,96.0,45.0,True
2026-09-30 04:00:00,26.5,85,7.9,249,1009.0,0.0,52,0.0,25.4,29.3,342.0,13.8,15.8,74.0,96.0,46.0,True
2026-09-30 05:00:00,26.2,85,9.9,243,1009.4,0.0,55,0.0,26.9,30.5,282.0,13.9,16.1,77.0,95.0,47.0,True
2026-09-30 06:00:00,26.3,85,9.9,251,1010.2,0.0,61,12.0,28.1,31.5,350.0,14.9,16.4,83.0,95.0,47.0,True
2026-09-30 07:00:00,27.6,80,8.4,259,1010.6,0.0,78,160.0,29.0,32.4,477.0,15.9,16.6,91.0,95.0,48.0,True
2026-09-30 08:00:00,29.5,71,8.9,262,1011.2,0.0,91,392.0,29.2,32.7,546.0,15.7,16.9,108.0,95.0,48.0,True
2026-09-30 09:00:00,31.4,63,9.8,262,1011.3,0.0,83,614.0,30.3,34.1,488.0,12.9,17.8,139.0,94.0,70.0,True
2026-09-30 10:00:00,33.2,55,7.6,274,1011.2,0.0,98,788.0,32.9,37.6,371.0,8.7,18.8,177.0,94.0,97.0,True
2026-09-30 11:00:00,34.2,49,5.1,318,1010.6,0.0,91,844.0,36.2,42.0,283.0,5.5,19.0,208.0,93.0,128.0,True
2026-09-30 12:00:00,34.8,46,3.5,55,1009.3,0.0,73,921.0,38.6,46.0,261.0,4.1,17.5,224.0,93.0,144.0,True
2026-09-30 13:00:00,34.7,45,6.1,93,1008.1,0.0,66,827.0,39.5,46.8,268.0,3.7,15.2,233.0,102.0,153.0,True
2026-09-30 14:00:00,33.5,54,10.7,83,1007.3,0.2,56,747.0,40.5,48.5,276.0,3.7,13.7,236.0,135.0,156.0,True
2026-09-30 15:00:00,32.3,61,11.8,83,1006.7,0.1,45,545.0,41.3,49.1,272.0,4.4,13.9,234.0,163.0,154.0,True
2026-09-30 16:00:00,31.7,62,9.8,95,1007.0,0.0,25,339.0,41.6,48.7,270.0,5.5,14.8,228.0,186.0,148.0,True
2026-09-30 17:00:00,30.7,68,7.5,100,1008.0,0.0,13,151.0,42.5,48.1,280.0,6.4,15.3,220.0,202.0,140.0,True
2026-09-30 18:00:00,30.1,71,5.7,101,1009.0,0.0,8,11.0,42.6,47.0,308.0,6.5,14.8,212.0,208.0,132.0,True
2026-09-30 19:00:00,29.9,72,5.1,100,1010.1,0.0,5,0.0,42.3,47.3,348.0,6.4,14.0,203.0,210.0,123.0,True
2026-09-30 20:00:00,29.7,74,1.2,219,1011.0,0.0,13,0.0,41.6,47.3,398.0,6.6,13.4,192.0,210.0,112.0,True
2026-09-30 21:00:00,29.2,77,2.4,243,1011.5,0.0,15,0.0,41.7,47.8,468.0,7.5,13.2,180.0,207.0,100.0,True
2026-09-30 22:00:00,29.0,79,1.8,186,1011.6,0.0,75,0.0,40.3,46.7,547.0,8.6,13.3,167.0,204.0,87.0,True
2026-09-30 23:00:00,28.8,79,2.8,169,1011.5,0.0,98,0.0,38.4,44.8,599.0,9.8,13.6,154.0,198.0,77.0,True
2026-10-01 00:00:00,28.5,81,2.8,145,1010.9,0.0,100,0.0,36.9,43.0,603.0,10.9,14.4,139.0,186.0,70.0,True
2026-10-01 01:00:00,28.2,83,5.4,201,1010.7,0.0,100,0.0,35.6,41.2,580.0,11.9,15.4,123.0,171.0,62.0,True
2026-10-01 02:00:00,27.6,86,6.5,212,1010.3,0.0,93,0.0,34.2,39.6,552.0,12.7,16.1,110.0,156.0,51.0,True
2026-10-01 03:00:00,27.1,88,5.8,256,1009.8,0.0,10,0.0,32.9,38.1,518.0,13.2,15.9,99.0,136.0,50.0,True
2026-10-01 04:00:00,26.4,92,5.0,257,1009.7,0.0,29,0.0,31.8,36.8,479.0,13.4,15.4,91.0,114.0,50.0,True
2026-10-01 05:00:00,26.0,93,7.2,251,1010.2,0.0,67,0.0,31.1,36.2,457.0,13.9,15.5,88.0,102.0,49.0,True
2026-10-01 06:00:00,26.0,90,4.4,263,1010.7,0.0,43,12.0,31.7,36.7,472.0,15.2,16.9,90.0,103.0,50.0,True
2026-10-01 07:00:00,27.3,83,4.3,255,1011.5,0.0,79,164.0,31.7,37.0,504.0,16.8,19.0,97.0,103.0,50.0,True
2026-10-01 08:00:00,29.5,70,4.5,241,1012.5,0.0,48,395.0,31.8,37.7,517.0,16.8,21.1,113.0,103.0,53.0,True
2026-10-01 09:00:00,31.3,61,2.2,222,1012.6,0.0,67,616.0,33.4,40.6,495.0,14.1,23.8,144.0,104.0,72.0,True
2026-10-01 10:00:00,32.9,52,2.6,78,1012.2,0.0,62,788.0,37.5,46.6,454.0,9.8,26.4,183.0,104.0,103.0,True
2026-10-01 11:00:00,33.5,49,6.8,87,1011.3,0.0,65,885.0,40.4,51.3,409.0,6.4,27.0,212.0,105.0,132.0,True
2026-10-01 12:00:00,33.6,49,9.8,98,1010.0,0.0,97,907.0,41.2,52.7,357.0,4.6,23.6,223.0,105.0,143.0,True
2026-10-01 13:00:00,33.5,47,11.2,100,1009.2,0.0,59,881.0,40.4,51.5,300.0,3.6,18.1,223.0,111.0,143.0,True
2026-10-01 14:00:00,33.2,48,11.7,100,1008.2,0.0,20,771.0,38.9,49.7,261.0,3.2,13.7,217.0,140.0,137.0,True
2026-10-01 15:00:00,32.4,51,10.9,99,1007.8,0.0,9,601.0,36.9,47.3,257.0,3.7,11.7,205.0,163.0,125.0,True
2026-10-01 16:00:00,31.5,56,9.9,99,1007.7,0.0,6,384.0,35.2,45.1,271.0,4.9,10.7,186.0,180.0,106.0,True
2026-10-01 17:00:00,30.4,62,8.3,96,1008.3,0.0,9,157.0,33.6,41.9,278.0,5.8,10.0,170.0,191.0,90.0,True
2026-10-01 18:00:00,29.7,67,7.1,105,1009.5,0.0,14,10.0,32.6,40.3,266.0,6.1,9.4,159.0,196.0,80.0,True
2026-10-01 19:00:00,29.4,70,7.5,117,1011.0,0.0,9,0.0,31.4,39.9,247.0,6.1,9.1,149.0,192.0,75.0,True
2026-10-01 20:00:00,29.2,73,7.4,122,1012.0,0.0,2,0.0,30.5,39.9,237.0,6.3,8.8,141.0,182.0,71.0,True
2026-10-01 21:00:00,29.1,73,6.4,140,1012.8,0.0,92,0.0,30.5,40.6,242.0,6.8,8.4,133.0,169.0,67.0,True
2026-10-01 22:00:00,28.9,75,6.1,152,1012.7,0.0,96,0.0,30.7,41.7,255.0,7.5,7.9,127.0,154.0,64.0,True
2026-10-01 23:00:00,28.5,78,5.7,169,1012.4,0.0,100,0.0,29.7,40.2,272.0,8.0,7.7,120.0,137.0,60.0,True
2026-10-02 00:00:00,28.2,81,5.0,180,1011.6,0.0,98,0.0,28.7,38.5,293.0,8.0,7.7,113.0,119.0,53.0,True
2026-10-02 01:00:00,27.7,84,3.9,204,1011.0,0.0,94,0.0,27.7,36.9,318.0,7.9,8.0,106.0,103.0,47.0,True
2026-10-02 02:00:00,27.1,88,4.4,235,1010.4,0.0,98,0.0,27.2,35.9,339.0,8.0,8.6,101.0,96.0,47.0,True
2026-10-02 03:00:00,26.7,90,5.6,253,1010.5,0.0,77,0.0,27.7,37.1,352.0,8.7,9.7,97.0,96.0,47.0,True
2026-10-02 04:00:00,26.2,92,4.7,274,1010.7,0.0,74,0.0,29.0,38.9,361.0,9.6,11.2,94.0,95.0,48.0,True
2026-10-02 05:00:00,25.8,94,2.7,293,1011.2,0.0,74,0.0,30.7,41.0,374.0,10.2,12.6,93.0,95.0,49.0,True
2026-10-02 06:00:00,26.0,93,2.8,288,1012.1,0.0,94,13.0,32.2,42.6,406.0,10.2,14.2,96.0,95.0,50.0,True
2026-10-02 07:00:00,27.6,84,2.3,270,1013.2,0.0,91,159.0,28.9,39.7,443.0,9.9,15.7,102.0,95.0,48.0,True
2026-10-02 08:00:00,29.4,74,1.3,164,1014.0,0.0,98,376.0,26.1,38.1,447.0,9.0,16.2,107.0,95.0,47.0,True
2026-10-02 09:00:00,31.0,63,3.0,107,1014.1,0.0,90,570.0,24.3,36.9,390.0,7.2,14.9,110.0,94.0,50.0,True
2026-10-02 10:00:00,32.1,56,5.8,97,1013.8,0.0,95,741.0,23.5,36.4,301.0,4.9,12.6,113.0,94.0,53.0,True
2026-10-02 11:00:00,32.5,54,8.8,95,1012.9,0.0,100,823.0,23.3,36.7,233.0,3.2,10.7,114.0,93.0,54.0,True
2026-10-02 12:00:00,32.5,54,11.7,94,1011.8,0.0,95,898.0,23.6,37.4,210.0,2.4,9.8,114.0,91.0,54.0,True
2026-10-02 13:00:00,32.2,55,12.8,95,1010.9,0.0,89,849.0,23.1,36.6,208.0,2.1,9.3,113.0,90.0,53.0,True
2026-10-02 14:00:00,31.9,56,12.3,95,1010.1,0.0,87,732.0,22.8,36.4,209.0,2.3,8.9,110.0,89.0,50.0,True
2026-10-02 15:00:00,31.3,59,11.9,96,1009.8,0.0,95,588.0,22.5,36.2,209.0,3.0,8.5,103.0,87.0,44.0,True
2026-10-02 16:00:00,30.6,61,10.9,96,1009.9,0.0,99,364.0,21.9,36.0,211.0,4.1,8.1,95.0,86.0,44.0,True
2026-10-02 17:00:00,29.8,65,9.6,99,1010.3,0.0,95,139.0,21.3,36.0,210.0,5.1,7.8,87.0,85.0,44.0,True
2026-10-02 18:00:00,29.3,68,8.9,103,1011.2,0.0,97,10.0,21.1,36.3,201.0,5.7,7.4,81.0,84.0,43.0,True
2026-10-02 19:00:00,29.2,69,8.1,108,1012.4,0.0,98,0.0,21.2,36.9,189.0,6.2,7.0,75.0,83.0,44.0,True
2026-10-02 20:00:00,29.1,69,7.0,113,1013.3,0.0,97,0.0,21.7,37.5,181.0,6.8,6.6,71.0,82.0,44.0,True
2026-10-02 21:00:00,29.0,70,6.4,126,1013.5,0.0,95,0.0,22.2,37.8,182.0,7.6,6.3,68.0,82.0,44.0,True
2026-10-02 22:00:00,28.8,72,6.0,139,1013.4,0.0,84,0.0,22.4,37.5,187.0,8.5,6.2,66.0,81.0,44.0,True
2026-10-02 23:00:00,28.7,72,5.8,141,1013.0,0.0,12,0.0,22.3,36.8,187.0,9.1,6.1,64.0,80.0,44.0,True
2026-10-03 00:00:00,28.4,74,4.6,141,1012.2,0.0,5,0.0,22.4,36.7,175.0,9.2,6.1,63.0,80.0,44.0,True
2026-10-03 01:00:00,28.1,76,3.0,155,1011.5,0.0,4,0.0,22.8,37.3,158.0,9.1,6.3,62.0,79.0,44.0,True
2026-10-03 02:00:00,27.7,79,2.3,184,1011.2,0.0,13,0.0,23.2,37.7,152.0,9.2,6.5,61.0,79.0,45.0,True
2026-10-03 03:00:00,27.5,79,2.6,219,1011.1,0.0,17,0.0,23.7,38.2,166.0,10.1,6.6,59.0,79.0,45.0,True
2026-10-03 04:00:00,27.1,82,4.2,260,1011.3,0.0,10,0.0,24.1,38.4,192.0,11.2,6.8,56.0,78.0,45.0,True
2026-10-03 05:00:00,26.5,85,2.9,210,1011.9,0.0,50,0.0,24.6,38.4,215.0,11.7,7.5,56.0,78.0,45.0,True
2026-10-03 06:00:00,27.1,81,2.4,207,1012.7,0.1,39,9.0,25.5,38.8,236.0,10.9,9.2,60.0,77.0,46.0,True
2026-10-03 07:00:00,28.1,74,1.9,197,1013.8,0.1,18,143.0,23.4,37.1,255.0,9.4,11.4,66.0,77.0,45.0,True
2026-10-03 08:00:00,29.2,68,1.9,163,1014.4,0.1,5,334.0,21.7,36.4,259.0,7.9,13.0,74.0,76.0,44.0,True
2026-10-03 09:00:00,30.3,62,3.1,140,1014.3,0.1,9,588.0,22.1,38.5,234.0,6.4,13.5,86.0,76.0,44.0,True
2026-10-03 10:00:00,31.4,57,5.0,134,1013.7,0.1,20,753.0,23.1,40.6,193.0,4.9,13.4,100.0,76.0,45.0,True
2026-10-03 11:00:00,32.2,54,6.8,127,1013.0,0.1,27,847.0,23.1,39.9,162.0,3.7,12.9,110.0,76.0,50.0,True
2026-10-03 12:00:00,32.5,53,8.5,122,1012.0,0.2,24,849.0,23.0,38.6,152.0,2.9,11.8,113.0,76.0,53.0,True
2026-10-03 13:00:00,32.5,54,10.1,117,1010.8,0.2,16,807.0,22.5,37.0,152.0,2.3,10.4,113.0,76.0,53.0,True
2026-10-03 14:00:00,32.2,55,11.3,115,1010.0,0.2,9,708.0,22.0,35.6,155.0,2.3,9.4,110.0,76.0,50.0,True
2026-10-03 15:00:00,31.5,58,11.6,116,1009.7,0.0,5,556.0,21.5,34.5,162.0,3.1,9.3,106.0,76.0,46.0,True
2026-10-03 16:00:00,30.5,62,11.4,119,1009.8,0.0,3,370.0,20.6,33.2,173.0,4.4,9.6,100.0,76.0,43.0,True
2026-10-03 17:00:00,29.7,66,11.0,124,1010.1,0.0,1,160.0,19.6,32.2,179.0,5.5,9.6,93.0,76.0,43.0,True
2026-10-03 18:00:00,29.3,68,10.4,129,1010.9,0.0,0,8.0,18.6,31.5,177.0,6.0,8.8,85.0,75.0,42.0,True
2026-10-03 19:00:00,29.1,69,9.5,134,1012.0,0.0,0,0.0,18.0,31.4,170.0,6.2,7.7,77.0,75.0,42.0,True
2026-10-03 20:00:00,28.8,70,9.0,142,1012.8,0.0,0,0.0,17.2,30.4,166.0,6.3,6.8,71.0,75.0,41.0,True
2026-10-03 21:00:00,28.6,72,9.0,149,1012.9,0.0,0,0.0,16.8,29.1,168.0,6.5,6.2,68.0,75.0,41.0,True
2026-10-03 22:00:00,28.3,75,9.3,156,1012.7,0.0,0,0.0,16.2,27.4,171.0,6.6,5.7,67.0,74.0,41.0,True
2026-10-03 23:00:00,28.1,77,9.1,163,1012.3,0.0,1,0.0,15.3,25.2,173.0,6.6,5.3,66.0,74.0,40.0,True
2026-10-04 00:00:00,27.8,79,8.0,170,1011.7,0.0,3,0.0,14.4,23.3,167.0,6.3,5.0,65.0,73.0,39.0,True
2026-10-04 01:00:00,27.5,80,6.7,180,1011.0,0.0,6,0.0,13.8,22.1,158.0,5.9,4.8,65.0,73.0,38.0,True
2026-10-04 02:00:00,27.2,81,5.6,195,1010.5,0.0,8,0.0,13.6,21.5,159.0,5.8,4.8,64.0,72.0,37.0,True
2026-10-04 03:00:00,26.7,84,5.3,218,1010.4,0.0,6,0.0,13.6,21.2,181.0,6.3,5.2,63.0,71.0,37.0,True
2026-10-04 04:00:00,26.1,88,6.0,241,1010.6,0.0,3,0.0,13.7,21.2,211.0,7.1,5.9,61.0,70.0,37.0,True
2026-10-04 05:00:00,26.0,88,6.7,251,1010.9,0.0,1,0.0,14.0,21.2,227.0,7.7,6.4,60.0,69.0,38.0,True
2026-10-04 06:00:00,26.8,84,6.9,250,1011.6,0.0,1,11.0,,,232.0,,,,69.0,,False
2026-10-04 07:00:00,28.0,78,6.8,241,1012.6,0.0,3,163.0,,,230.0,,,,,,False
2026-10-04 08:00:00,29.3,71,5.9,230,1013.1,0.0,6,370.0,,,,,,,,,False
2026-10-04 09:00:00,30.8,62,4.1,203,1012.9,0.0,11,600.0,,,,,,,,,False
2026-10-04 10:00:00,32.3,53,4.4,148,1012.2,0.0,17,765.0,,,,,,,,,False
2026-10-04 11:00:00,33.3,49,7.1,124,1011.4,0.0,20,867.0,,,,,,,,,False
2026-10-04 12:00:00,33.2,51,10.3,119,1010.4,0.3,19,916.0,,,,,,,,,False
2026-10-04 13:00:00,32.4,56,13.3,118,1009.2,0.3,16,864.0,,,,,,,,,False
2026-10-04 14:00:00,31.6,61,15.0,120,1008.4,0.3,13,740.0,,,,,,,,,False
2026-10-04 15:00:00,31.0,64,14.9,125,1008.2,0.0,9,543.0,,,,,,,,,False
2026-10-04 16:00:00,30.2,66,13.6,132,1008.4,0.0,4,355.0,,,,,,,,,False
2026-10-04 17:00:00,29.7,69,12.5,140,1008.9,0.0,1,152.0,,,,,,,,,False
2026-10-04 18:00:00,29.3,71,11.4,145,1009.8,0.0,0,7.0,,,,,,,,,False
2026-10-04 19:00:00,29.1,73,10.2,152,1011.0,0.0,0,0.0,,,,,,,,,False
2026-10-04 20:00:00,28.9,76,9.2,157,1011.9,0.0,1,0.0,,,,,,,,,False
2026-10-04 21:00:00,28.8,77,8.7,162,1012.1,0.0,3,0.0,,,,,,,,,False
2026-10-04 22:00:00,28.6,79,8.2,166,1012.0,0.0,7,0.0,,,,,,,,,False
2026-10-04 23:00:00,28.4,80,7.7,169,1011.7,0.0,9,0.0,,,,,,,,,False
2026-10-05 00:00:00,28.1,82,6.9,173,1011.0,0.0,9,0.0,,,,,,,,,False
2026-10-05 01:00:00,27.8,84,6.0,177,1010.2,0.0,7,0.0,,,,,,,,,False
2026-10-05 02:00:00,27.5,85,5.1,186,1009.6,0.0,7,0.0,,,,,,,,,False
2026-10-05 03:00:00,27.0,88,4.6,206,1009.6,0.0,11,0.0,,,,,,,,,False
2026-10-05 04:00:00,26.6,89,5.0,229,1009.8,0.0,16,0.0,,,,,,,,,False
2026-10-05 05:00:00,26.6,89,5.8,240,1010.3,0.0,20,0.0,,,,,,,,,False
2026-10-05 06:00:00,27.2,85,6.6,237,1011.1,0.0,21,10.0,,,,,,,,,False
2026-10-05 07:00:00,28.3,79,7.4,229,1012.1,0.0,20,152.0,,,,,,,,,False
2026-10-05 08:00:00,29.4,72,7.1,221,1012.6,0.0,20,351.0,,,,,,,,,False
2026-10-05 09:00:00,30.8,64,5.2,200,1012.3,0.0,22,589.0,,,,,,,,,False
2026-10-05 10:00:00,32.4,57,4.1,151,1011.6,0.0,25,754.0,,,,,,,,,False
2026-10-05 11:00:00,33.5,52,5.6,119,1011.1,0.0,27,853.0,,,,,,,,,False
2026-10-05 12:00:00,32.6,56,7.6,124,1010.9,0.1,16,841.0,,,,,,,,,False
2026-10-05 13:00:00,32.2,58,8.9,122,1010.4,0.1,14,808.0,,,,,,,,,False
2026-10-05 14:00:00,31.5,61,10.0,120,1009.9,0.1,12,715.0,,,,,,,,,False
2026-10-05 15:00:00,30.8,65,10.7,119,1009.3,0.1,10,569.0,,,,,,,,,False
2026-10-05 16:00:00,30.0,69,11.0,118,1008.9,0.1,9,379.0,,,,,,,,,False
2026-10-05 17:00:00,29.5,72,10.7,119,1008.8,0.1,8,161.0,,,,,,,,,False
2026-10-05 18:00:00,29.1,74,9.6,120,1009.0,0.0,8,7.0,,,,,,,,,False
2026-10-05 19:00:00,28.8,76,7.6,124,1009.5,0.0,9,0.0,,,,,,,,,False
2026-10-05 20:00:00,28.6,78,5.4,132,1010.2,0.0,11,0.0,,,,,,,,,False
2026-10-05 21:00:00,28.3,80,3.2,153,1010.9,0.0,12,0.0,,,,,,,,,False
2026-10-05 22:00:00,28.1,81,2.5,201,1011.5,0.0,14,0.0,,,,,,,,,False
2026-10-05 23:00:00,27.8,83,3.2,232,1011.9,0.0,16,0.0,,,,,,,,,False
