time,temperature_2m,relative_humidity_2m,wind_speed_10m,wind_direction_10m,surface_pressure,precipitation,cloud_cover,shortwave_radiation
2026-09-28 00:00:00,29.4,79,3.4,186,1007.0,0.0,9,0.0
2026-09-28 01:00:00,28.9,80,4.0,212,1006.5,0.0,13,0.0
2026-09-28 02:00:00,28.5,82,4.0,234,1006.1,0.0,95,0.0
2026-09-28 03:00:00,28.0,84,4.5,254,1006.0,0.0,93,0.0
2026-09-28 04:00:00,27.5,85,4.4,251,1005.9,0.0,80,0.0
2026-09-28 05:00:00,28.2,81,6.7,246,1006.3,0.0,100,0.0
2026-09-28 06:00:00,28.1,80,6.7,251,1007.1,0.0,95,13.0
2026-09-28 07:00:00,29.5,73,6.7,254,1007.9,0.0,94,160.0
2026-09-28 08:00:00,31.7,62,7.8,255,1008.3,0.0,98,389.0
2026-09-28 09:00:00,33.7,51,7.2,256,1008.6,0.0,98,604.0
2026-09-28 10:00:00,34.9,44,3.3,306,1008.4,0.0,100,773.0
2026-09-28 11:00:00,35.7,41,2.6,51,1007.9,0.0,82,875.0
2026-09-28 12:00:00,35.7,41,4.7,94,1007.0,0.1,55,863.0
2026-09-28 13:00:00,35.3,42,6.2,107,1006.1,0.5,67,859.0
2026-09-28 14:00:00,34.7,44,6.5,129,1005.8,0.2,63,664.0
2026-09-28 15:00:00,34.2,47,6.9,123,1005.3,0.3,77,538.0
2026-09-28 16:00:00,33.4,52,8.7,130,1005.6,0.0,77,373.0
2026-09-28 17:00:00,32.4,55,9.3,137,1006.1,0.0,70,151.0
2026-09-28 18:00:00,31.7,56,7.9,150,1007.0,0.0,64,12.0
2026-09-28 19:00:00,31.1,62,8.1,175,1007.8,0.0,61,0.0
2026-09-28 20:00:00,30.5,68,7.2,186,1008.7,0.0,39,0.0
2026-09-28 21:00:00,29.9,75,7.3,173,1009.4,0.0,59,0.0
2026-09-28 22:00:00,29.7,77,7.1,173,1009.9,0.0,100,0.0
2026-09-28 23:00:00,29.6,75,6.0,213,1010.1,0.0,100,0.0
2026-09-29 00:00:00,29.0,76,12.2,253,1009.9,0.0,72,0.0
2026-09-29 01:00:00,27.1,81,10.3,263,1009.6,0.1,75,0.0
2026-09-29 02:00:00,26.4,84,9.9,271,1009.0,0.0,43,0.0
2026-09-29 03:00:00,25.9,87,10.5,263,1008.6,0.0,82,0.0
2026-09-29 04:00:00,25.9,87,9.8,263,1008.5,0.0,80,0.0
2026-09-29 05:00:00,25.7,86,12.1,267,1009.0,0.0,66,0.0
2026-09-29 06:00:00,26.0,85,11.2,274,1009.0,0.0,5,12.0
2026-09-29 07:00:00,27.5,78,11.5,274,1009.4,0.0,1,162.0
2026-09-29 08:00:00,29.7,68,11.2,282,1010.0,0.0,5,392.0
2026-09-29 09:00:00,32.3,55,10.7,286,1010.2,0.0,1,613.0
2026-09-29 10:00:00,34.2,47,8.9,284,1010.3,0.0,2,789.0
2026-09-29 11:00:00,35.5,41,6.4,288,1009.8,0.0,26,892.0
2026-09-29 12:00:00,36.1,40,2.4,48,1008.7,0.0,22,889.0
2026-09-29 13:00:00,34.9,46,10.7,74,1008.0,0.0,46,850.0
2026-09-29 14:00:00,33.2,53,14.2,88,1007.3,0.9,13,731.0
2026-09-29 15:00:00,33.1,52,11.8,97,1006.7,0.0,7,581.0
2026-09-29 16:00:00,32.1,59,10.0,108,1006.8,0.0,12,350.0
2026-09-29 17:00:00,31.0,66,9.5,115,1007.4,0.0,21,149.0
2026-09-29 18:00:00,30.2,70,8.4,138,1008.6,0.0,20,11.0
2026-09-29 19:00:00,30.1,69,6.7,136,1009.6,0.0,20,0.0
2026-09-29 20:00:00,29.9,73,7.3,144,1010.5,0.0,8,0.0
2026-09-29 21:00:00,29.7,75,5.2,151,1011.0,0.0,12,0.0
2026-09-29 22:00:00,29.4,77,2.6,164,1010.8,0.0,5,0.0
2026-09-29 23:00:00,29.1,79,1.9,163,1010.6,0.0,2,0.0
2026-09-30 00:00:00,28.9,82,0.9,180,1010.1,0.0,5,0.0
2026-09-30 01:00:00,28.4,82,2.3,241,1009.7,0.0,5,0.0
2026-09-30 02:00:00,28.1,85,4.8,222,1009.4,0.0,11,0.0
2026-09-30 03:00:00,27.8,87,6.4,218,1009.4,0.0,5,0.0
2026-09-30 04:00:00,27.7,86,7.5,220,1009.4,0.0,5,0.0
2026-09-30 05:00:00,27.5,87,7.8,218,1009.5,0.0,7,0.0
2026-09-30 06:00:00,27.6,87,7.3,222,1010.0,0.0,34,12.0
2026-09-30 07:00:00,29.0,79,6.4,234,1010.7,0.0,9,161.0
2026-09-30 08:00:00,31.0,65,6.2,258,1011.2,0.0,1,391.0
2026-09-30 09:00:00,32.9,56,6.2,291,1011.2,0.0,63,612.0
2026-09-30 10:00:00,34.5,47,7.0,316,1010.9,0.0,79,789.0
2026-09-30 11:00:00,35.5,43,3.8,355,1010.1,0.0,84,859.0
2026-09-30 12:00:00,35.6,43,7.6,75,1008.8,0.0,98,897.0
2026-09-30 13:00:00,33.4,54,14.6,85,1008.1,0.5,93,876.0
2026-09-30 14:00:00,32.8,56,13.3,99,1007.5,0.2,48,695.0
2026-09-30 15:00:00,32.5,59,12.6,104,1007.2,0.0,6,540.0
2026-09-30 16:00:00,31.5,63,12.4,126,1007.3,0.0,20,369.0
2026-09-30 17:00:00,30.9,65,10.0,128,1008.1,0.0,24,154.0
2026-09-30 18:00:00,30.3,68,8.7,156,1009.2,0.0,31,11.0
2026-09-30 19:00:00,30.3,69,6.5,174,1010.3,0.0,39,0.0
2026-09-30 20:00:00,30.0,71,4.1,182,1010.9,0.0,25,0.0
2026-09-30 21:00:00,29.7,73,3.7,194,1011.2,0.0,15,0.0
2026-09-30 22:00:00,29.3,77,4.4,212,1011.2,0.0,4,0.0
2026-09-30 23:00:00,28.7,80,4.4,240,1010.7,0.0,5,0.0
2026-10-01 00:00:00,28.1,82,4.4,251,1010.1,0.0,73,0.0
2026-10-01 01:00:00,27.6,83,4.1,247,1009.7,0.0,91,0.0
2026-10-01 02:00:00,27.2,84,4.7,220,1009.3,0.0,95,0.0
2026-10-01 03:00:00,26.9,86,2.8,252,1009.0,0.0,77,0.0
2026-10-01 04:00:00,26.6,87,2.0,280,1009.1,0.0,30,0.0
2026-10-01 05:00:00,26.4,88,1.0,329,1009.4,0.0,38,0.0
2026-10-01 06:00:00,26.6,87,3.0,253,1010.5,0.0,30,13.0
2026-10-01 07:00:00,28.1,78,3.6,237,1011.4,0.0,78,161.0
2026-10-01 08:00:00,30.0,68,5.0,210,1012.1,0.0,96,387.0
2026-10-01 09:00:00,31.7,60,3.7,203,1012.5,0.0,96,601.0
2026-10-01 10:00:00,33.3,51,1.6,153,1012.0,0.0,95,775.0
2026-10-01 11:00:00,34.1,48,4.3,90,1011.1,0.0,94,842.0
2026-10-01 12:00:00,34.2,49,8.9,99,1009.8,0.0,91,910.0
2026-10-01 13:00:00,33.9,51,11.4,106,1008.8,0.1,96,877.0
2026-10-01 14:00:00,33.2,52,12.7,101,1008.1,0.1,100,754.0
2026-10-01 15:00:00,32.4,54,12.3,98,1007.4,0.0,97,525.0
2026-10-01 16:00:00,31.3,62,12.2,99,1007.4,0.0,98,365.0
2026-10-01 17:00:00,30.2,68,11.2,105,1008.1,0.0,99,141.0
2026-10-01 18:00:00,29.6,72,9.7,115,1009.4,0.0,100,10.0
2026-10-01 19:00:00,29.5,74,9.7,119,1010.8,0.0,100,0.0
2026-10-01 20:00:00,29.4,74,9.3,126,1011.8,0.0,100,0.0
2026-10-01 21:00:00,29.2,76,8.8,137,1012.4,0.0,98,0.0
2026-10-01 22:00:00,29.1,76,7.9,153,1012.5,0.0,98,0.0
2026-10-01 23:00:00,28.9,77,6.2,163,1012.1,0.0,98,0.0
2026-10-02 00:00:00,28.4,79,5.1,186,1011.6,0.0,97,0.0
2026-10-02 01:00:00,27.9,83,4.5,220,1010.8,0.0,95,0.0
2026-10-02 02:00:00,27.4,86,4.9,242,1010.3,0.0,92,0.0
2026-10-02 03:00:00,27.0,88,4.4,249,1010.3,0.0,85,0.0
2026-10-02 04:00:00,26.7,90,3.1,246,1010.5,0.0,75,0.0
2026-10-02 05:00:00,26.8,90,2.2,235,1011.0,0.0,70,0.0
2026-10-02 06:00:00,27.5,86,2.2,222,1011.9,0.0,72,11.0
2026-10-02 07:00:00,28.5,80,2.5,210,1012.9,0.0,79,160.0
2026-10-02 08:00:00,29.6,73,2.7,184,1013.6,0.0,81,361.0
2026-10-02 09:00:00,30.8,66,4.0,141,1013.6,0.0,77,566.0
2026-10-02 10:00:00,31.9,59,6.9,118,1013.1,0.0,69,726.0
2026-10-02 11:00:00,32.7,54,9.7,109,1012.5,0.0,58,835.0
2026-10-02 12:00:00,32.8,53,11.6,105,1011.5,0.0,43,911.0
2026-10-02 13:00:00,32.6,54,12.7,102,1010.4,0.0,26,875.0
2026-10-02 14:00:00,32.1,56,13.2,101,1009.6,0.0,13,761.0
2026-10-02 15:00:00,31.4,59,12.7,101,1009.4,0.0,6,572.0
2026-10-02 16:00:00,30.5,64,11.7,103,1009.6,0.0,2,379.0
2026-10-02 17:00:00,29.8,68,10.5,106,1010.1,0.0,0,165.0
2026-10-02 18:00:00,29.5,70,9.7,109,1011.0,0.0,0,8.0
2026-10-02 19:00:00,29.3,71,8.9,115,1012.1,0.0,2,0.0
2026-10-02 20:00:00,29.2,73,8.4,121,1012.9,0.0,5,0.0
2026-10-02 21:00:00,29.0,74,7.8,127,1013.2,0.0,8,0.0
2026-10-02 22:00:00,28.8,75,7.3,132,1013.3,0.0,12,0.0
2026-10-02 23:00:00,28.6,76,6.6,137,1013.1,0.0,14,0.0
2026-10-03 00:00:00,28.4,77,6.0,141,1012.6,0.0,14,0.0
2026-10-03 01:00:00,28.2,77,5.4,143,1011.9,0.0,13,0.0
2026-10-03 02:00:00,27.9,78,4.6,149,1011.5,0.0,13,0.0
2026-10-03 03:00:00,27.5,80,3.9,167,1011.5,0.1,14,0.0
2026-10-03 04:00:00,27.1,83,3.9,193,1011.7,0.1,16,0.0
2026-10-03 05:00:00,27.0,84,4.3,208,1012.1,0.1,16,0.0
2026-10-03 06:00:00,27.6,80,4.3,213,1012.9,0.0,14,11.0
2026-10-03 07:00:00,28.6,74,4.0,212,1013.9,0.0,10,162.0
2026-10-03 08:00:00,29.7,68,3.6,200,1014.4,0.0,9,370.0
2026-10-03 09:00:00,31.0,62,3.7,166,1014.2,0.0,12,601.0
2026-10-03 10:00:00,32.3,55,5.3,135,1013.6,0.0,17,766.0
2026-10-03 11:00:00,33.2,51,7.6,124,1012.8,0.0,19,869.0
2026-10-03 12:00:00,33.3,51,9.7,121,1011.8,0.0,15,913.0
2026-10-03 13:00:00,32.9,52,11.8,121,1010.6,0.0,8,868.0
2026-10-03 14:00:00,32.4,54,13.1,122,1009.7,0.0,2,753.0
2026-10-03 15:00:00,31.7,57,13.2,122,1009.4,0.0,0,569.0
2026-10-03 16:00:00,30.8,61,12.7,123,1009.4,0.0,0,376.0
2026-10-03 17:00:00,30.1,65,12.1,125,1009.8,0.0,0,162.0
2026-10-03 18:00:00,29.7,68,12.0,129,1010.7,0.0,0,8.0
2026-10-03 19:00:00,29.4,70,12.1,133,1012.0,0.0,0,0.0
2026-10-03 20:00:00,29.1,72,11.6,138,1012.8,0.0,0,0.0
2026-10-03 21:00:00,28.9,74,10.5,145,1012.9,0.0,19,0.0
2026-10-03 22:00:00,28.7,75,9.4,156,1012.7,0.0,46,0.0
2026-10-03 23:00:00,28.5,77,8.5,168,1012.3,0.0,67,0.0
2026-10-04 00:00:00,28.3,78,7.8,175,1011.7,0.0,80,0.0
2026-10-04 01:00:00,28.1,80,7.0,181,1011.0,0.0,88,0.0
2026-10-04 02:00:00,27.9,82,6.4,190,1010.5,0.0,88,0.0
2026-10-04 03:00:00,26.8,87,6.6,215,1011.6,0.0,47,0.0
2026-10-04 04:00:00,26.7,88,6.6,225,1011.4,0.0,39,0.0
2026-10-04 05:00:00,26.9,86,6.4,230,1011.2,0.0,34,0.0
2026-10-04 06:00:00,27.7,81,5.7,226,1011.2,0.1,31,12.0
2026-10-04 07:00:00,29.0,72,4.8,217,1011.2,0.1,30,175.0
2026-10-04 08:00:00,30.6,64,3.9,196,1011.2,0.1,30,385.0
2026-10-04 09:00:00,32.1,56,4.1,167,1011.3,0.1,29,567.0
2026-10-04 10:00:00,33.3,51,4.9,147,1011.2,0.1,29,707.0
2026-10-04 11:00:00,33.9,49,6.1,137,1011.1,0.1,27,795.0
2026-10-04 12:00:00,33.8,50,7.3,134,1010.8,0.4,24,830.0
2026-10-04 13:00:00,33.2,53,8.7,133,1010.3,0.4,21,798.0
2026-10-04 14:00:00,32.3,57,10.1,134,1009.7,0.4,17,708.0
2026-10-04 15:00:00,31.3,62,11.1,136,1009.2,0.4,13,564.0
2026-10-04 16:00:00,30.3,68,12.0,137,1008.8,0.4,9,377.0
2026-10-04 17:00:00,29.6,72,12.1,139,1008.7,0.4,7,162.0
2026-10-04 18:00:00,29.2,75,11.7,142,1008.9,0.0,5,7.0
2026-10-04 19:00:00,29.0,77,10.8,147,1009.4,0.0,4,0.0
2026-10-04 20:00:00,28.9,79,9.7,152,1010.0,0.0,4,0.0
2026-10-04 21:00:00,28.7,80,8.7,162,1010.7,0.0,4,0.0
2026-10-04 22:00:00,28.6,81,7.8,172,1011.2,0.0,5,0.0
2026-10-04 23:00:00,28.3,83,7.2,183,1011.5,0.0,7,0.0
