time,pm2_5,pm10,carbon_monoxide,nitrogen_dioxide,sulphur_dioxide,ozone,us_aqi,european_aqi
2026-09-28T00:00,35.6,48.3,269.0,7.1,8.3,130.0,135.0,65.0
2026-09-28T01:00,36.6,49.1,277.0,7.7,8.6,125.0,124.0,63.0
2026-09-28T02:00,37.6,49.9,292.0,8.5,9.5,119.0,113.0,59.0
2026-09-28T03:00,38.4,50.2,314.0,9.5,11.1,110.0,102.0,53.0
2026-09-28T04:00,39.3,50.9,342.0,10.8,13.3,100.0,91.0,54.0
2026-09-28T05:00,40.4,51.3,379.0,12.2,16.0,96.0,91.0,55.0
2026-09-28T06:00,40.3,48.8,440.0,14.4,19.8,99.0,92.0,54.0
2026-09-28T07:00,42.5,49.9,509.0,16.7,24.1,109.0,94.0,56.0
2026-09-28T08:00,43.7,52.2,543.0,17.2,27.1,126.0,95.0,63.0
2026-09-28T09:00,44.1,53.0,515.0,14.4,28.2,160.0,97.0,80.0
2026-09-28T10:00,46.0,54.9,453.0,9.8,28.1,201.0,99.0,121.0
2026-09-28T11:00,47.7,56.7,392.0,6.2,26.7,230.0,100.0,150.0
2026-09-28T12:00,48.3,57.2,340.0,4.4,23.3,235.0,105.0,155.0
2026-09-28T13:00,46.9,55.6,290.0,3.6,18.7,227.0,134.0,147.0
2026-09-28T14:00,44.4,53.2,255.0,3.5,15.2,214.0,159.0,134.0
2026-09-28T15:00,41.8,50.6,245.0,4.3,14.1,198.0,177.0,118.0
2026-09-28T16:00,40.4,49.9,250.0,5.9,14.1,179.0,191.0,99.0
2026-09-28T17:00,38.0,47.0,251.0,7.2,13.9,161.0,200.0,81.0
2026-09-28T18:00,35.4,44.0,240.0,8.0,12.8,147.0,200.0,74.0
2026-09-28T19:00,33.1,41.8,227.0,8.6,11.5,134.0,191.0,67.0
2026-09-28T20:00,30.7,39.7,218.0,9.0,10.4,124.0,176.0,62.0
2026-09-28T21:00,29.0,38.4,218.0,9.2,9.5,116.0,158.0,56.0
2026-09-28T22:00,27.5,37.1,223.0,9.2,8.8,110.0,137.0,50.0
2026-09-28T23:00,26.1,35.9,231.0,9.3,8.3,104.0,115.0,46.0
2026-09-29T00:00,24.3,33.5,243.0,9.4,8.0,97.0,109.0,45.0
2026-09-29T01:00,23.1,31.8,259.0,9.5,7.9,91.0,107.0,45.0
2026-09-29T02:00,22.6,30.7,273.0,10.0,8.5,85.0,106.0,44.0
2026-09-29T03:00,22.9,30.2,277.0,11.0,10.1,77.0,104.0,45.0
2026-09-29T04:00,24.4,30.7,279.0,12.4,12.3,70.0,103.0,45.0
2026-09-29T05:00,26.9,32.4,299.0,13.6,15.0,70.0,101.0,47.0
2026-09-29T06:00,30.2,33.9,362.0,14.9,18.6,80.0,100.0,49.0
2026-09-29T07:00,34.1,37.8,443.0,16.0,22.6,97.0,99.0,51.0
2026-09-29T08:00,36.4,40.3,491.0,15.7,25.5,119.0,98.0,59.0
2026-09-29T09:00,38.2,42.3,479.0,12.9,26.8,152.0,98.0,76.0
2026-09-29T10:00,41.1,45.6,434.0,8.7,26.9,190.0,97.0,110.0
2026-09-29T11:00,43.1,48.2,386.0,5.5,25.8,217.0,97.0,137.0
2026-09-29T12:00,43.5,49.0,336.0,4.0,22.6,226.0,97.0,146.0
2026-09-29T13:00,42.8,48.5,283.0,3.5,18.1,224.0,111.0,144.0
2026-09-29T14:00,40.4,46.2,251.0,3.6,14.8,217.0,144.0,137.0
2026-09-29T15:00,38.0,44.1,256.0,4.6,13.8,203.0,167.0,123.0
2026-09-29T16:00,35.5,42.0,281.0,6.4,14.0,184.0,184.0,104.0
2026-09-29T17:00,34.5,41.4,303.0,7.8,13.9,165.0,195.0,85.0
2026-09-29T18:00,34.3,42.5,314.0,8.6,13.1,149.0,197.0,75.0
2026-09-29T19:00,32.1,40.7,322.0,9.1,12.1,135.0,190.0,68.0
2026-09-29T20:00,29.9,38.9,327.0,9.3,11.0,122.0,177.0,61.0
2026-09-29T21:00,27.9,37.1,328.0,9.1,9.8,112.0,161.0,52.0
2026-09-29T22:00,25.6,34.8,326.0,8.5,8.5,105.0,140.0,46.0
2026-09-29T23:00,22.9,31.5,327.0,8.1,7.6,97.0,116.0,45.0
2026-09-30T00:00,20.5,28.6,336.0,7.8,7.1,88.0,94.0,43.0
2026-09-30T01:00,18.5,26.3,347.0,7.6,7.0,78.0,94.0,42.0
2026-09-30T02:00,16.7,24.3,353.0,7.7,7.3,70.0,93.0,41.0
2026-09-30T03:00,15.4,22.6,340.0,8.4,7.9,64.0,93.0,40.0
2026-09-30T04:00,15.0,21.5,322.0,9.5,9.0,59.0,92.0,40.0
2026-09-30T05:00,15.8,21.7,330.0,10.7,11.1,58.0,91.0,40.0
2026-09-30T06:00,18.4,23.6,394.0,12.6,15.4,60.0,91.0,42.0
2026-09-30T07:00,20.8,25.7,483.0,14.8,20.7,66.0,90.0,43.0
2026-09-30T08:00,25.1,30.4,540.0,15.3,24.7,82.0,89.0,46.0
2026-09-30T09:00,27.9,31.5,536.0,12.9,26.3,117.0,88.0,57.0
2026-09-30T10:00,33.8,38.2,499.0,9.0,26.5,162.0,87.0,82.0
2026-09-30T11:00,37.4,42.6,459.0,5.8,25.6,197.0,86.0,117.0
2026-09-30T12:00,38.9,44.5,422.0,4.3,22.8,212.0,86.0,132.0
2026-09-30T13:00,39.1,44.7,382.0,3.6,18.8,216.0,86.0,136.0
2026-09-30T14:00,39.8,45.9,352.0,3.4,16.0,216.0,103.0,136.0
2026-09-30T15:00,40.6,46.9,337.0,4.0,15.6,213.0,136.0,133.0
2026-09-30T16:00,41.1,47.3,332.0,5.3,16.3,205.0,163.0,125.0
2026-09-30T17:00,41.6,47.1,333.0,6.2,16.7,196.0,183.0,116.0
2026-09-30T18:00,41.6,47.0,325.0,6.3,16.3,187.0,195.0,107.0
2026-09-30T19:00,39.5,45.6,323.0,6.1,15.6,176.0,199.0,96.0
2026-09-30T20:00,37.4,43.9,366.0,6.5,15.1,165.0,196.0,85.0
2026-09-30T21:00,35.5,42.7,503.0,8.0,14.6,153.0,188.0,77.0
2026-09-30T22:00,36.8,46.0,685.0,10.1,14.2,140.0,178.0,70.0
2026-09-30T23:00,36.4,45.4,804.0,11.9,14.6,128.0,166.0,64.0
2026-10-01T00:00,37.0,45.8,809.0,13.0,16.4,118.0,153.0,58.0
2026-10-01T01:00,37.6,45.9,752.0,13.8,18.9,109.0,135.0,53.0
2026-10-01T02:00,37.3,44.2,678.0,14.5,20.8,102.0,117.0,53.0
2026-10-01T03:00,36.1,41.3,581.0,15.1,21.4,94.0,99.0,52.0
2026-10-01T04:00,36.1,41.2,467.0,15.5,21.4,88.0,97.0,52.0
2026-10-01T05:00,36.4,41.6,398.0,15.7,21.7,87.0,98.0,52.0
2026-10-01T06:00,38.3,43.3,419.0,16.0,22.8,94.0,100.0,53.0
2026-10-01T07:00,36.1,41.3,486.0,16.1,24.2,106.0,102.0,52.0
2026-10-01T08:00,35.0,40.7,528.0,15.2,25.2,124.0,104.0,62.0
2026-10-01T09:00,35.6,41.3,514.0,12.4,25.8,152.0,105.0,76.0
2026-10-01T10:00,38.4,45.1,476.0,8.5,26.0,185.0,106.0,105.0
2026-10-01T11:00,39.9,47.6,433.0,5.4,24.8,206.0,106.0,126.0
2026-10-01T12:00,38.4,46.2,388.0,3.8,20.9,206.0,106.0,126.0
2026-10-01T13:00,34.9,42.7,338.0,3.0,15.6,195.0,113.0,115.0
2026-10-01T14:00,31.1,38.5,302.0,2.8,11.7,181.0,136.0,101.0
2026-10-01T15:00,28.9,37.1,289.0,3.4,10.6,166.0,154.0,86.0
2026-10-01T16:00,27.5,36.4,290.0,4.6,10.8,149.0,163.0,75.0
2026-10-01T17:00,26.4,34.8,291.0,5.6,10.9,135.0,167.0,68.0
2026-10-01T18:00,25.4,34.0,287.0,5.9,10.1,128.0,164.0,64.0
2026-10-01T19:00,26.2,37.7,282.0,5.9,9.1,123.0,155.0,62.0
2026-10-01T20:00,27.1,40.6,280.0,6.1,8.3,119.0,139.0,59.0
2026-10-01T21:00,26.4,40.2,279.0,6.8,7.8,113.0,121.0,53.0
2026-10-01T22:00,25.5,39.2,281.0,7.7,7.5,106.0,103.0,46.0
2026-10-01T23:00,24.5,37.8,285.0,8.4,7.3,100.0,96.0,45.0
2026-10-02T00:00,23.9,37.0,288.0,8.5,7.3,96.0,95.0,45.0
2026-10-02T01:00,23.9,36.9,293.0,8.5,7.5,92.0,94.0,45.0
2026-10-02T02:00,24.1,37.0,317.0,8.8,7.9,89.0,93.0,45.0
2026-10-02T03:00,24.6,37.7,384.0,10.2,8.4,85.0,92.0,45.0
2026-10-02T04:00,26.1,39.6,470.0,12.0,9.1,81.0,91.0,46.0
2026-10-02T05:00,28.3,42.1,450.5,12.9,10.0,80.0,90.0,48.0
2026-10-02T06:00,30.9,44.1,388.5,12.0,11.6,84.0,89.0,49.0
2026-10-02T07:00,25.1,38.9,298.5,10.1,13.5,91.0,89.0,46.0
2026-10-02T08:00,23.1,38.2,204.0,8.2,14.7,99.0,88.0,45.0
2026-10-02T09:00,23.3,38.6,194.0,6.5,14.6,107.0,87.0,47.0
2026-10-02T10:00,23.2,38.4,189.0,4.9,13.7,116.0,86.0,56.0
2026-10-02T11:00,23.1,38.2,185.0,3.6,12.7,121.0,85.0,61.0
2026-10-02T12:00,22.7,37.0,180.0,2.8,11.7,121.0,83.0,61.0
2026-10-02T13:00,22.4,36.2,175.0,2.4,10.7,118.0,82.0,58.0
2026-10-02T14:00,21.9,35.3,172.0,2.4,9.8,114.0,81.0,54.0
2026-10-02T15:00,21.2,34.2,172.0,3.2,9.3,108.0,81.0,48.0
2026-10-02T16:00,20.7,32.9,173.0,4.4,9.0,100.0,80.0,43.0
2026-10-02T17:00,19.8,31.7,174.0,5.3,8.8,94.0,79.0,43.0
2026-10-02T18:00,,,,,,,79.0,
2026-10-02T19:00,,,,,,,,
2026-10-02T20:00,,,,,,,,
2026-10-02T21:00,,,,,,,,
2026-10-02T22:00,,,,,,,,
2026-10-02T23:00,,,,,,,,
2026-10-03T00:00,,,,,,,,
2026-10-03T01:00,,,,,,,,
2026-10-03T02:00,,,,,,,,
2026-10-03T03:00,,,,,,,,
2026-10-03T04:00,,,,,,,,
2026-10-03T05:00,,,,,,,,
2026-10-03T06:00,,,,,,,,
2026-10-03T07:00,,,,,,,,
2026-10-03T08:00,,,,,,,,
2026-10-03T09:00,,,,,,,,
2026-10-03T10:00,,,,,,,,
2026-10-03T11:00,,,,,,,,
2026-10-03T12:00,,,,,,,,
2026-10-03T13:00,,,,,,,,
2026-10-03T14:00,,,,,,,,
2026-10-03T15:00,,,,,,,,
2026-10-03T16:00,,,,,,,,
2026-10-03T17:00,,,,,,,,
2026-10-03T18:00,,,,,,,,
2026-10-03T19:00,,,,,,,,
2026-10-03T20:00,,,,,,,,
2026-10-03T21:00,,,,,,,,
2026-10-03T22:00,,,,,,,,
2026-10-03T23:00,,,,,,,,
2026-10-04T00:00,,,,,,,,
2026-10-04T01:00,,,,,,,,
2026-10-04T02:00,,,,,,,,
2026-10-04T03:00,,,,,,,,
2026-10-04T04:00,,,,,,,,
2026-10-04T05:00,,,,,,,,
2026-10-04T06:00,,,,,,,,
2026-10-04T07:00,,,,,,,,
2026-10-04T08:00,,,,,,,,
2026-10-04T09:00,,,,,,,,
2026-10-04T10:00,,,,,,,,
2026-10-04T11:00,,,,,,,,
2026-10-04T12:00,,,,,,,,
2026-10-04T13:00,,,,,,,,
2026-10-04T14:00,,,,,,,,
2026-10-04T15:00,,,,,,,,
2026-10-04T16:00,,,,,,,,
2026-10-04T17:00,,,,,,,,
2026-10-04T18:00,,,,,,,,
2026-10-04T19:00,,,,,,,,
2026-10-04T20:00,,,,,,,,
2026-10-04T21:00,,,,,,,,
2026-10-04T22:00,,,,,,,,
2026-10-04T23:00,,,,,,,,
